{
  "SVM-RBF": {
    "accuracy": 0.9333333333333333,
    "f1": 0.9332591768631814,
    "tiempo": 0.0019996166229248047,
    "entorno": "Clásico"
  },
  "MLP": {
    "accuracy": 0.9333333333333333,
    "f1": 0.9332591768631814,
    "tiempo": 0.10780453681945801,
    "entorno": "Clásico"
  },
  "KNN": {
    "accuracy": 0.9333333333333333,
    "f1": 0.9326599326599326,
    "tiempo": 0.0013408660888671875,
    "entorno": "Clásico"
  },
  "VQC (Simulador)": {
    "accuracy": 0.5333333333333333,
    "f1": 0.44476055002370796,
    "tiempo": 46.484803199768066,
    "entorno": "Simulador",
    "nota": "0.4741+/-0.0554 (3 seeds)"
  },
  "QSVC (Simulador)": {
    "accuracy": 0.7777777777777778,
    "f1": 0.7771825396825397,
    "tiempo": 19.37734293937683,
    "entorno": "Simulador"
  },
  "QSVC (HW sin mitg.)": {
    "accuracy": 0.1111111111111111,
    "f1": 0.1111111111111111,
    "tiempo": 182.44874095916748,
    "entorno": "Hardware (ibm_fez)"
  },
  "QSVC (HW + TREX)": {
    "accuracy": 0.1111111111111111,
    "f1": 0.1111111111111111,
    "tiempo": 207.01545476913452,
    "entorno": "Hardware (ibm_fez)"
  },
  "MNIST SVM-RBF": {
    "accuracy": 1.0,
    "f1": 1.0,
    "tiempo": 0.01,
    "entorno": "Clasico"
  },
  "MNIST QSVC (Sim)": {
    "accuracy": 0.7777777777777778,
    "f1": 0.775,
    "tiempo": 0.3876209259033203,
    "entorno": "Simulador"
  },
  "MNIST QSVC (HW)": {
    "accuracy": 0.8888888888888888,
    "f1": 0.8888888888888888,
    "tiempo": 204.93284964561462,
    "entorno": "Hardware (ibm_fez)"
  },
  "QSVC (Sim. subset)": {
    "accuracy": 0.3333333333333333,
    "f1": 0.3238095238095238,
    "tiempo": 0.0,
    "entorno": "Simulador"
  }
}